Timestamp,country,age,Did you ever had a dog?,What is your education due to the dog's behavior?,Do you think that is shown in this video?,What makes a dog in this video?,What happens to the dog?,dog beieves its real,"On a scale of 1 to 5 vote, how useful do you think happens to the dog? (1 - bad, 5 - useful)",,,
05.10.2016 20:22:14,Russia,35,YES,dog Owner,A dog hunts a bright spot on the screen,"""Playing in the hunt""",Playing,#VALUE!,1,,,
05.10.2016 20:25:23,Russia,45,Yes,reading courses animalterapii and animal psychology,play behavior,"closely following the moving object on the tablet screen, trying to catch his paw, with the disappearance of the visual field - anticipates the location where the subject","interest, attention, the predominance of visual perception",#VALUE!,#VALUE!,,,
05.10.2016 20:27:29,Israel,35,Yes,beginner,Dog plays with the tablet,"He is playing with the tablet, trying to dig out the ball",Playing,#VALUE!,#VALUE!,,,
05.10.2016 20:29:44,Israel,40,Yes,"For a basic understanding of the behavior of dogs (online courses, reading of literature)",The tablet and the dog,He is trying to catch something,capture,#VALUE!,#VALUE!,,,
05.10.2016 20:36:09,Russia,36 years,Yes,"For a basic understanding of the behavior of dogs (online courses, reading of literature)","Yorkshire Terrier trying to catch a moving point (spot) that moves across the screen of the tablet. It's like playing with a cat / dog and a laser pointer, but on the tablet. Unfortunately, it is not clear whether there is something to the game (spot), when the dog catches a spot on the screen. At the end of the video it seems that the stain disappears if the dog fails to catch it exactly.","The dog stares at a spot-moving, trying to catch his paw (in my opinion, sometimes it succeeds). At the end of the video, it seems, or respond to any sign (voice) host (look without sound).","He is interested in the game, is actively involved and tries to touch his paw up spot",#VALUE!,#VALUE!,,,
05.10.2016 20:38:11,Russia,37,+,The expert / professional,York and the plate,Trying to catch a virtual ball,Excitation,#VALUE!,#VALUE!,,,
05.10.2016 20:38:39,USA,40,There is now,"For a basic understanding of the behavior of dogs (online courses, reading of literature)",new time reality show - animals and gadgets,paw trying to catch a moving target,she plays,#VALUE!,#VALUE!,,,
05.10.2016 20:38:59,Russia,59,Yes,dog Owner,The dog show toy for cats - a light bulb.,"Trying to get (take) a ray does not understand why he can not take his paw or mouth, refers to a person ""with the question"" and for help (looking at the operator).","pulls out, then he does not understand, wonders, ask for help.",#VALUE!,#VALUE!,,,
05.10.2016 20:43:40,Russia,43,Yes,"For a basic understanding of the behavior of dogs (online courses, reading of literature)",The dog sees a moving object,Trying to catch the object,excited,#VALUE!,#VALUE!,,,
05.10.2016 20:46:59,Russia,57,It was and is,"For a basic understanding of the behavior of dogs (online courses, reading of literature)",The owner has decided to show his dog playing a video game,Dog tries to catch a moving object,She is excited,#VALUE!,#VALUE!,,,
05.10.2016 20:53:09,Russia,50,Now there,dog Owner,Apparently it's an interactive game,Catches the ball / ball,Apparently it is interesting where hiding the ball / ball,#VALUE!,#VALUE!,,,
05.10.2016 20:53:54,Israel,42,no Unfortunately,"For a basic understanding of the behavior of dogs (online courses, reading of literature)",Dog playing in the plate ..,Catches insects / balls on the plate,"She plays, busy ..",#VALUE!,#VALUE!,,,
05.10.2016 20:56:21,Finland,33,Yes,"For a basic understanding of the behavior of dogs (online courses, reading of literature)",Dog playing in the outdoor computer game,Trying to catch the elusive moving object,Dog plays with excitement and enthusiasm,#VALUE!,#VALUE!,,,
05.10.2016 21:00:28,Russia,37,"The first dog, he is now 4 years","For a basic understanding of the behavior of dogs (online courses, reading of literature)","The dog sees a moving object on the tablet screen, trying to catch him.","Dog in vain trying to ""catch"" the moving object on the tablet screen.","Excited and animated, as ""Hunts"" to a moving object. I can not understand why you can not catch him. Wave.",#VALUE!,#VALUE!,,,
05.10.2016 21:02:36,Norway,34,Yes,"For a basic understanding of the behavior of dogs (online courses, reading of literature)",It is shown as a dog playing,Playing,I think it is interesting,#VALUE!,#VALUE!,,,
05.10.2016 21:02:59,Russia,53,Yes,dog Owner,The dog reacts to the sound and movement of the light signal on the tablet screen,Catches from the screen reflected light signal dapper,The dog is nervous,#VALUE!,#VALUE!,,,
05.10.2016 21:03:59,Russia,43,Yes,dog Owner,dog sees a bright spot on the tablet screen and trying to play with it as with this toy,"He is trying to catch a moving point, to manage it, which, of course, it can not",I believe that the dog may be frustrated by this game,#VALUE!,#VALUE!,,,
05.10.2016 21:05:01,Estonia,56,There were and are,"For a basic understanding of the behavior of dogs (online courses, reading of literature)",Dog playing,Dog tries to catch something moving on the tablet screen,The dog is interested,#VALUE!,#VALUE!,,,
05.10.2016 21:08:37,Russia,46,There are now 5 dogs)),"For a basic understanding of the behavior of dogs (online courses, reading of literature)",dog explores the moving object,Exhibits natural hunting instinct,She tries to catch and makes attempts,#VALUE!,#VALUE!,,,
05.10.2016 21:10:33,Israel,32,Yes,veterinarian,"dog ""playing"" with the tablet",Trying to catch a moving object,"she is interested, but then realizes that her futile attempts",#VALUE!,1,,,
05.10.2016 21:12:23,Israel,54,Yes,dog Owner,Dog tries to catch a point that moves on the screen.,She is at a loss and does not know what it is.,"To support and possibly to understand, looking at his master.",#VALUE!,#VALUE!,,,
05.10.2016 21:13:00,Russia,28,Yes,"For a basic understanding of the behavior of dogs (online courses, reading of literature)",It is shown as a dog playing with a toy on the tablet,"Trying to catch a spot of light that appears on the tablet screen, as if it is on the floor","Dog catches and digs a light spot, it is interested",#VALUE!,#VALUE!,,,
05.10.2016 21:13:55,Belarus,50,Dve,dog Owner,"someone alive, for example, white mouse",He wants to play,she was interested,#VALUE!,#VALUE!,,,
05.10.2016 21:14:47,Russia,37,Yes,The expert / professional,Dog playing,"Dog sees exactly the point / circle which are displayed on the tablet screen, trying to understand what it is. play. she tries to pick up the circle. When the circle disappears from the screen, the dog understands that the circle somewhere in the black frame, but it is within this black border, as it does not try to dig or search for a circle outside of the tablet screen.","the dog is excited, plays",#VALUE!,#VALUE!,,,
05.10.2016 21:15:12,Ukraine,13 years,Yes,dog Owner,As the dog plays a computer game),Playing the game on the tablet.,"She is keen. But nervous, did not understand why ""mouse"" is not taken in the teeth. I do not know how useful it is for the eyes and mind.",#VALUE!,#VALUE!,,,
05.10.2016 21:16:37,Ukraine,37,Yes,dog Owner,Playing dog,Monitors the little ball on the screen,"She follows the ball, but she does not understand what happens to the ball",#VALUE!,#VALUE!,,,
05.10.2016 21:20:08,Russia,37,Yes,"For a basic understanding of the behavior of dogs (online courses, reading of literature)",Dog playing the game on the tablet.,Dog tries to catch the elusive white point.,"She is very interested, dog playing, having fun.",#VALUE!,#VALUE!,,,
05.10.2016 21:22:12,Belarus,37,Yes,"For a basic understanding of the behavior of dogs (online courses, reading of literature)",Dog playing in the game in the plate,running around trying to catch the point,Catches paws this point,#VALUE!,#VALUE!,,,
05.10.2016 21:29:01,Russia,33,No,I know nothing,A game,Playing with the white dot on the plate,Trying to catch the white ball,#VALUE!,#VALUE!,,,
05.10.2016 21:30:07,Republic of Belarus,39,In childhood. And right now there.,dog Owner,"Because I am your long-time subscriber, such a video is seen. Dogs entertain the moving picture.",Dog suggests that playing with real object.,"Dog, of course, actively catching spot. In a short video do not understand the whole picture.",1,#VALUE!,,,
05.10.2016 21:34:12,Israel,32,Yes,beginner,interaction dogs and aypada,catches a cockroach,she thinks it's all real,1,#VALUE!,,,
05.10.2016 21:34:49,RF,46,Yes,dog Owner,Dog tries to catch the ball image,Dog tries to fix the ball with his paw on the screen,"Dog for a while trying to get the ball, then finally loses interest and leaves",#VALUE!,#VALUE!,,,
05.10.2016 21:36:16,Russia,52,Yes,The owner of two dogs,dog shows interest in dvuzhuschemusya ball on a plate,"exploring the ball in the game, trying to touch him",exploring,#VALUE!,#VALUE!,,,
05.10.2016 21:38:48,Russia,50,Yes,"For a basic understanding of the behavior of dogs (online courses, reading of literature)",moving object,touch foot,she plays,#VALUE!,#VALUE!,1,#VALUE!,#VALUE!
05.10.2016 21:39:52,Israel,57,No,"For a basic understanding of the behavior of dogs (online courses, reading of literature)",In this video filmed a dog playing on the tablet,Dog catches the electronic marker (cursor),It sells its instikt.,#VALUE!,#VALUE!,#VALUE!,1,#VALUE!
05.10.2016 21:46:57,Israel,56,Yes,dog Owner,Signature of the video: Dog playing in the cat game,"Trying to catch the light point (mouse), which moves randomly on the screen of the tablet.",Dog paw trying to pin down a moving point of light,#VALUE!,#VALUE!,#VALUE!,#VALUE!,#VALUE!
05.10.2016 21:48:14,Russia,39,Yes,"Owner, reading books and attending courses","York, playing in the tablet))) and judging by the video title - a game for cats)))",Catches bright spot,"She is interested, keen, but after looking at the host - probably awaiting approval",#VALUE!,#VALUE!,#VALUE!,#VALUE!,#VALUE!
05.10.2016 21:50:42,Russia,32,Yes,"For a basic understanding of the behavior of dogs (online courses, reading of literature)",video dog playing with a tablet,Dog catches beam on the tablet screen,"Dog catches a ray of foot on the screen, it wags its tail, passionate about the game.",#VALUE!,#VALUE!,1,#VALUE!,#VALUE!
05.10.2016 21:52:09,Russia,34,Yes,The expert / professional,The dog was offered to play on the tablet,"Trying to get moving bright spot of the tablet paw and muzzle, and sometimes frightened him.","She looks concerned, he wags his tail, looking back on the host, but perhaps too excited, though, perhaps it is she has such a temper",#VALUE!,#VALUE!,#VALUE!,#VALUE!,#VALUE!
05.10.2016 21:52:42,Russia,39,Yes,dog Owner,York is interested what is happening on the screen of the tablet,"Playing ""catch"" the ball","She is interested, keen",#VALUE!,#VALUE!,1,#VALUE!,#VALUE!
05.10.2016 21:55:57,Russia,45,Yes,dog Owner,Playing with the dog with the help of a laser pointer,Trying to catch the light spot,She is interested in for it this game and hunting,#VALUE!,#VALUE!,1,1,#VALUE!
05.10.2016 21:59:37,Russia,60 years,Yes,The expert / professional,As a dog running around playing with balls on the plate :),"He is trying to get a paw ball, running around on the screen.",She is keen.,#VALUE!,#VALUE!,#VALUE!,#VALUE!,#VALUE!
05.10.2016 22:00:05,Russia,24,Yes,"Online Courses, Reading, dog owner",The dog is played with a point that moves across the screen.,"Attempts to ""prishlepnut"" point. (Spark)","The dog is excited, completely swallowed by point.",#VALUE!,#VALUE!,#VALUE!,#VALUE!,#VALUE!
05.10.2016 22:00:33,Ukraine,42,No,beginner,What a game,played,She is very interested in what is happening on the screen.,#VALUE!,#VALUE!,1,#VALUE!,#VALUE!
05.10.2016 22:00:37,Russia,38,4,The expert / professional,Dogs playing on an electronic tablet.,"Playing with a moving ball. When the ball stops, the dog quietly departs.","Poses game, wagging hvostom.Yavno interested.",#VALUE!,#VALUE!,1,#VALUE!,#VALUE!
05.10.2016 22:03:29,the USSR,67 years,Yes,dog Owner,One of the fun of the dog owner.,"Trying to get a ""sunbeam"".",Slowly disappointed,#VALUE!,#VALUE!,#VALUE!,#VALUE!,1
05.10.2016 22:04:01,Russia,54,Yes,"For a basic understanding of the behavior of dogs (online courses, reading of literature)",Dog tries to catch a moving image,cm. above answer,"I would not say that the dog is played, it is trying to catch a moving object, which is not always the game",#VALUE!,1,#VALUE!,#VALUE!,#VALUE!
05.10.2016 22:05:42,Russia,27,"Yes, and now there",dog Owner,Showing the dog is in contact with the tablet,The dog reacts to moving object,"The dog is interested, positively set",#VALUE!,#VALUE!,#VALUE!,#VALUE!,#VALUE!
05.10.2016 22:09:51,Belarus,37,Yes,dog Owner,"The plate shows the recording laser pointer movement, the dog tries to catch",Catches laser pointer,"She does not understand what is happening and where it is lost, it is trying to catch.",#VALUE!,#VALUE!,#VALUE!,#VALUE!,1
05.10.2016 22:11:03,Russia,44,there are 2 dogs,"Owner + reading your articles and literature in particular,",Dog playing with gadget,plays,merry,#VALUE!,#VALUE!,1,#VALUE!,#VALUE!
05.10.2016 22:13:07,Russia,47,Yes,"For a basic understanding of the behavior of dogs (online courses, reading of literature)",Getting a dog with computer games.,"He sees a moving object, trying to take it in the fall when he lost out of sight, trying to get his paw.","The dog is interested, not nervous, especially The mining instinct does not work, do not get the desired loses interest.",#VALUE!,#VALUE!,#VALUE!,#VALUE!,#VALUE!
05.10.2016 22:18:25,Israel,27,Yes,"For a basic understanding of the behavior of dogs (online courses, reading of literature)",Interaction with the dog plate,Trying to catch a moving object on the screen,"The dog does not receive reinforcements. Neither a caught object, nor any other manner. And after some time it loses interest.",#VALUE!,#VALUE!,#VALUE!,#VALUE!,#VALUE!
05.10.2016 22:25:03,Russia,38,Yes,"For a basic understanding of the behavior of dogs (online courses, reading of literature)",Dog plays the game on the tablet,He tries to throw the ball in a long white tube,"It can drive the ball, trying very hard. But rather than drive, and simply reacts to something moving",#VALUE!,#VALUE!,1,#VALUE!,#VALUE!
05.10.2016 22:26:48,Russia,32,Yes,"For a basic understanding of the behavior of dogs (online courses, reading of literature)",Dog Interacting with tablet lying on the floor,Dog tries her methods available to interact with some active image on the tablet screen.,"It seems to me that the dog is keen, it is interesting, what there is on the screen, and why she did not manage to catch it. The dog follows the moving object, trying to touch his muzzle or paw.",#VALUE!,#VALUE!,#VALUE!,#VALUE!,#VALUE!
05.10.2016 22:29:14,Russia,45,Yes,"For a basic understanding of the behavior of dogs (online courses, reading of literature)",dog interested tablet,catches begayuschut point,plays,#VALUE!,#VALUE!,1,#VALUE!,#VALUE!
05.10.2016 22:30:15,Latvia,34,Yes,dog Owner,as the dog reacts to the included toy on her plate,"dog reacts to the game, I can not determine how this behavior, but this type of toy for some it can take some time. she is trying to get the point and claw and bite (whether as a delicacy reminiscent of whether the dogs react to the insect, it seems to me not the mouse)","She is very interested, excited, but not overexcited. to shoot and people around glancing either failed when eating a point, or simply feeling that the hosts in its activities of special interest",#VALUE!,#VALUE!,#VALUE!,#VALUE!,#VALUE!
05.10.2016 22:30:31,Ukraine,38,"Yes, now 6","For a basic understanding of the behavior of dogs (online courses, reading of literature)",Dog catching point,Dog catching point,wonders,#VALUE!,#VALUE!,#VALUE!,#VALUE!,1
05.10.2016 22:38:35,Russia,31,Yes,"For a basic understanding of the behavior of dogs (online courses, reading of literature)",like a dog playing with a tablet,"""Catches"" red dot","she was excited, surprised",#VALUE!,#VALUE!,#VALUE!,#VALUE!,#VALUE!
05.10.2016 22:41:52,Russia,47,Yes,"For a basic understanding of the behavior of dogs (online courses, reading of literature)",Dog playing with iPads and tries to catch the mouse,dog hunts over,the dog is excited game and / or hunting,#VALUE!,#VALUE!,1,1,#VALUE!
05.10.2016 22:53:45,Russia,33,Yes,dog Owner,Dog plays with the tablet moves around the screen point,Trying to catch the glowing paw point on the screen,she wonders,#VALUE!,#VALUE!,1,#VALUE!,#VALUE!
05.10.2016 22:54:25,Russia,29,Rn,"For a basic understanding of the behavior of dogs (online courses, reading of literature)",A game,It catches something on the tablet screen,She hunts,#VALUE!,#VALUE!,#VALUE!,1,#VALUE!
05.10.2016 22:57:16,Russia,33,Yes,"For a basic understanding of the behavior of dogs (online courses, reading of literature)",IPads game designed for cats,"Trying to catch, remove the tablet from escaping bright circle-production","The dog does not realize that the circle is unreal, trying to catch it, like a spot of the laser pointer. The dog keeps interest long enough, however, as a result of several dozen attempts to catch the elusive ball distracted and out of the process. I do not think this is a game for the dog - that is the process that she is aware of how gaming.",#VALUE!,1,#VALUE!,#VALUE!,#VALUE!
05.10.2016 22:58:11,Mexico,28,Yes,dog Owner,playing behavior,"Dog tries to get the ball, to no avail","At the beginning of the video it is interested and enthusiastic, disappointed by the end of",#VALUE!,#VALUE!,1,#VALUE!,#VALUE!
05.10.2016 22:59:45,Russia,42,Yes,dog Owner,On the tablet game,Playing,She catches the white ball,#VALUE!,#VALUE!,1,#VALUE!,#VALUE!
05.10.2016 23:12:17,Russia,46,Yes,dog Owner,dog trying to entertain toy computer,He is trying to hunt the moving point,"overexcited, unable to achieve the desired",#VALUE!,#VALUE!,#VALUE!,#VALUE!,#VALUE!
05.10.2016 23:16:18,Latvia,36,Yes,dog Owner,Video game for dogs,Trying to catch the image,She is experiencing positive emotions,#VALUE!,#VALUE!,#VALUE!,#VALUE!,#VALUE!
05.10.2016 23:16:44,Israel,38,Yes,dog Owner,Dog playing with a ball in play on the tablet.,Trying to catch a ball in the online game.,"It is a time of interest, then loses interest.",#VALUE!,#VALUE!,1,#VALUE!,#VALUE!
05.10.2016 23:17:21,"Russia, Tatarstan",43,Yes,dog Owner,ball,He is trying to drive,excited,#VALUE!,#VALUE!,#VALUE!,#VALUE!,#VALUE!
05.10.2016 23:34:40,Russia,65,Yes,"For a basic understanding of the behavior of dogs (online courses, reading of literature)",York catches the bunny on the plate,catches bunny on the plate,"She is excited, gambling",#VALUE!,#VALUE!,1,#VALUE!,#VALUE!
05.10.2016 23:34:47,Israel,38,Yes,"For a basic understanding of the behavior of dogs (online courses, reading of literature)",Dog playing with a laser pointer simulator,"Playing, trying to catch the light spot","She was disappointed, because he can not catch the light and throws the game",#VALUE!,#VALUE!,1,#VALUE!,#VALUE!
05.10.2016 23:35:40,Russia,36,Yes,"For a basic understanding of the behavior of dogs (online courses, reading of literature)",dog playing,Dog catches something on the plate,Dog catches bunny with interest on the screen,#VALUE!,#VALUE!,1,#VALUE!,#VALUE!
05.10.2016 23:36:22,RF,28,Yes,"For a basic understanding of the behavior of dogs (online courses, reading of literature)",The dog interacts with the tablet,Hunt on toy,Overexcited.,#VALUE!,#VALUE!,#VALUE!,1,#VALUE!
05.10.2016 23:37:36,Russia,26,Yes,dog Owner,Dog Familiarity with technology. On the tablet installed the game (there are similar for cats),Trying to catch a moving object.,"Curiosity game element is ultimately likely dissatisfaction of the process, as catch and fix saoyu victory will not work.",#VALUE!,#VALUE!,#VALUE!,#VALUE!,#VALUE!
05.10.2016 23:42:29,Serbia,41,there is now,"For a basic understanding of the behavior of dogs (online courses, reading of literature)",Dog tries to play with the subject in a video game,He is trying to play with an object in a video game,"the dog does not understand what is happening in reality, it is expected that the object exists. a bit like playing with a laser pointer.",1,#VALUE!,#VALUE!,#VALUE!,1
05.10.2016 23:42:32,Belarus,60,With 12 years of constantly beaten dog,"For a basic understanding of the behavior of dogs (online courses, reading of literature)",Dog playing with a tablet to catch a spot (mouse),Dog tries to catch the ball as it seems,Dog playing in the game,#VALUE!,#VALUE!,1,#VALUE!,#VALUE!
05.10.2016 23:44:23,Russia,51,Yes,dog Owner,the relationship of the animal to the plate,It pushes the object out of the field and then in the opposite direction on the field,"it really takes it, all her attention focused on the subject, we can assume that this is part of its leisure and exercise for paws",#VALUE!,#VALUE!,#VALUE!,#VALUE!,#VALUE!
05.10.2016 23:49:52,Russia,40,Yes,beginner,playing dog,"""Catches"" the bright spot on the screen",she is interested,#VALUE!,#VALUE!,1,#VALUE!,#VALUE!
05.10.2016 23:57:15,Russia,31,Yes,"For a basic understanding of the behavior of dogs (online courses, reading of literature)",Dog and tablet,Trying to catch the ball on a plate,capture,#VALUE!,#VALUE!,#VALUE!,#VALUE!,#VALUE!
05.10.2016 23:58:27,canada,54,"have it now, first dog","For a basic understanding of the behavior of dogs (online courses, reading of literature)",dog is playing,trying to catch the light spot,the dog is very engaged and interested,#VALUE!,#VALUE!,#VALUE!,#VALUE!,#VALUE!
05.10.2016 23:59:01,Ukraine,32,Yes,"For a basic understanding of the behavior of dogs (online courses, reading of literature)",fun for dogs,He plays with the light spot on the tablet,she was at a loss,#VALUE!,#VALUE!,#VALUE!,#VALUE!,1
5/11/2016 0:01,Russia,32,Yes,dog Owner,"It is shown as a dog jumping on the tablet, grinding on it with his paw.","Dog seeing the reflection of light trying to play, interested.",The dog is gradually becoming more and more interesting gameplay,#VALUE!,#VALUE!,#VALUE!,#VALUE!,#VALUE!
5/11/2016 0:30,Russia,59,have 2,dog Owner,The owner plays a laser pointer.,Dog tries to catch the laser bunny,"The dog is very keen on this process, and a little nervous",#VALUE!,#VALUE!,#VALUE!,#VALUE!,#VALUE!
5/11/2016 0:33,Russia,46,Yes,dog Owner,Doggie plays with the point on the tablet,Trying to catch the point / ball (just as the red dot of a laser pointer),Dog puzzled,#VALUE!,#VALUE!,#VALUE!,#VALUE!,1
5/11/2016 0:36,Latvia,63,Yes,"For a basic understanding of the behavior of dogs (online courses, reading of literature)",Trying to catch a dog paw moving a point on the tablet.,Attempts to catch in order to understand what it is.,I did not understand and has lost interest.,#VALUE!,#VALUE!,#VALUE!,#VALUE!,#VALUE!
5/11/2016 0:51,Moscow,25,Yes,"For a basic understanding of the behavior of dogs (online courses, reading of literature)",Dog Playing in the tablet,Playing,He studies and plays,#VALUE!,#VALUE!,1,#VALUE!,#VALUE!
5/11/2016 0:52,Russia,25,Yes,"For a basic understanding of the behavior of dogs (online courses, reading of literature)",dog playing a game on the tablet,He is trying to catch a mouse or whatever runs,"excited, concentrated",#VALUE!,#VALUE!,#VALUE!,#VALUE!,#VALUE!
5/11/2016 0:55,Russia,29,Yes,"dogs all my life, courses, seminars and reading literature",Dog plays with the tablet on the semblance of a laser pointer,Playing (hunts point),"The dog is excited, trying to catch the goal",#VALUE!,#VALUE!,#VALUE!,#VALUE!,#VALUE!
5/11/2016 1:31,Russia,26,It was and is,"For a basic understanding of the behavior of dogs (online courses, reading of literature)",Dog playing the game on the tablet,"It responds to a moving image, trying to catch him","The dog in an excited, interested state, it is curious, she wants to know whether it is possible to catch the object and whether he is alive",#VALUE!,#VALUE!,#VALUE!,#VALUE!,#VALUE!
5/11/2016 1:50,Russia,36,Yes,dog Owner,Dog Playing the game in tablet.,Squanders his psyche. IMHO,she plays,#VALUE!,#VALUE!,1,#VALUE!,1
5/11/2016 2:53,Russia,53,dog 3,dog Owner,"Dog plays with the light spot on the plate, but at the end of the video it is, in my opinion I lost interest :)","He plays with speck, trying to catch him",first wonder then loses interest,#VALUE!,#VALUE!,#VALUE!,#VALUE!,#VALUE!
5/11/2016 3:21,Australia,36,Yes,dog Owner,"Dog tries to catch on the tablet screen, moving the white point",trying to catch a moving object,she is interested,#VALUE!,#VALUE!,#VALUE!,#VALUE!,#VALUE!
5/11/2016 3:55,Cloveniya,thirty,Yes,dog Owner,Dog playing in the app on the tablet for cats. (Judging and title and video),Playing with the tablet,"She is interested and takes an image on the screen of a physical object, but my experience has shown that dogs such behavior is not typical.",1,#VALUE!,1,#VALUE!,#VALUE!
5/11/2016 4:44,Russia,49,Yes,dog Owner,Dog playing with a moving object on the tablet,dog wants to catch (obtain) the subject,"beginning with curiosity, then disappointment, there is no satisfaction in the hunt.",#VALUE!,#VALUE!,#VALUE!,#VALUE!,#VALUE!
5/11/2016 6:04,Ukraine,61,Yes,dog Owner,The game on the tablet to the dog.,"Dog plays. Catches ""sunbeam"" which arbitrarily ""runs across the field.",It seems to me that she was nervous.,#VALUE!,#VALUE!,1,#VALUE!,#VALUE!
5/11/2016 6:39,Russia,29,Yes,dog Owner,"Dog tries to catch the point, ""running"" across the screen aypada",Hunts :),Not understand the question - emotionally? Or how?,#VALUE!,#VALUE!,#VALUE!,1,#VALUE!
5/11/2016 6:45,Russia,40,Yes,The expert / professional,"It is shown as a dog trying to influence the premeschayuschiysya object plate, catches him","Dog playing, looking at opereatora, skreb?t paw on the tablet, poked his nose in the plate, jumps from the plate and run against him","The dog is excited, just looking for support from opreatora",#VALUE!,#VALUE!,#VALUE!,#VALUE!,1
5/11/2016 7:07,Russia,37,Yes,dog Owner,"
Dog playing time with the subject
",He is trying to catch a virtual toy,dog's interest to move objects on your tablet,#VALUE!,#VALUE!,1,#VALUE!,#VALUE!
5/11/2016 8:03,Russia,thirty,Yes,"For a basic understanding of the behavior of dogs (online courses, reading of literature)",Dog plays the game on the tablet,"Catches point on the screen: trying to bite, dig carefully watching when the point of hiding behind the plate edge and waits, when it is possible to attack again","Doggie keen on extracting the point, at some point she looks at the host (I suspect that it is waiting for help from him, instructions or any other participation in hunting). At the end of the disappointed dog throws a lost cause and leaves",#VALUE!,#VALUE!,#VALUE!,#VALUE!,1
5/11/2016 8:03,Russia,31,no,"For a basic understanding of the behavior of dogs (online courses, reading of literature)",dog playing in aypad,chasing painted ball,"keen, rejoices",#VALUE!,#VALUE!,#VALUE!,#VALUE!,#VALUE!
5/11/2016 8:18,Russia,55 years,Yes,Veterinarian,Dog tries to catch the ball,He is trying to catch a ball,Trying to catch the ball,#VALUE!,#VALUE!,#VALUE!,#VALUE!,#VALUE!
5/11/2016 8:21,Russia,47,Yes,dog Owner,The dog and the plate (?) Or some special toy for dogs,He is trying to catch the ball.,She is trained.,#VALUE!,#VALUE!,#VALUE!,#VALUE!,#VALUE!
5/11/2016 8:23,Russia,50,No,No, Obachka plays as if it were an insect,catches speck,Playing,#VALUE!,#VALUE!,1,#VALUE!,#VALUE!
5/11/2016 8:37,Russia,24,Yes,"For a basic understanding of the behavior of dogs (online courses, reading of literature)","Dog playing with an object, like a sunbeam.",Dog plays with the object on the screen.,It's interesting.,#VALUE!,#VALUE!,1,#VALUE!,#VALUE!
5/11/2016 8:39,Israel,56 years,Yes,dog Owner,York Show as playing with a tablet.,Dog tries to drive the virtual ball.,Dog plays.,#VALUE!,#VALUE!,1,#VALUE!,#VALUE!
5/11/2016 9:31,Russia,47,Yes,The expert / professional,dog interaction with a computer game,Trying to catch the image.,It gets the emotions and the brain strain.,#VALUE!,#VALUE!,#VALUE!,#VALUE!,#VALUE!
5/11/2016 9:40,RF,36,There are currently,dog Owner,"The hosts have fun, including a virtual dog toy, which she will never be able to catch.",Catches the ball on the tablet screen,"Involved in the game, worried hunts",#VALUE!,#VALUE!,1,1,#VALUE!
5/11/2016 9:45,Russia,28,Yes,"For a basic understanding of the behavior of dogs (online courses, reading of literature)",dog playing in a Human game on the tablet,He is trying to catch a circle,"plays, keen",#VALUE!,#VALUE!,1,#VALUE!,#VALUE!
5/11/2016 9:55,Israel,55 years,"Yes, I have long been a dog live","For a basic understanding of the behavior of dogs (online courses, reading of literature)",This video shows the electronic toy on the tablet - a moving luminous spot,Dog plays with the moving object,"The dog does not realize that the toy and electronic (perhaps if I understood correctly), the movement of the spot depends on the movement of the dog's paws. Dog plays just as well as she would play with a ball in the room.",1,#VALUE!,#VALUE!,#VALUE!,#VALUE!
5/11/2016 9:55,Estonia,60,Yes,dog Owner,"Terrier playing with a tablet, trying to catch the ball.",Tracks and tries to catch the ball,Useful,#VALUE!,#VALUE!,#VALUE!,#VALUE!,#VALUE!
05.11.2016 10:00:56,Russia,44,in childhood,I'm going to start,Dog and tablet,"The dog was interested in a certain moving image on the tablet, it is trying to get it to play.",She puzzled.,1,#VALUE!,#VALUE!,#VALUE!,#VALUE!
05.11.2016 10:01:20,Russia,43,There was and there is now,dog Owner,"The tablet, probably the game for cats, dogs","Playing, he catches a ray.",Dogs like she was interested.,#VALUE!,#VALUE!,1,#VALUE!,#VALUE!
05.11.2016 10:08:53,Russia,41,Yes,"For a basic understanding of the behavior of dogs (online courses, reading of literature)",Dog plays with the light spot on the surface,"Dog plays, trying to catch a moving speck","her fun, she plays",#VALUE!,#VALUE!,1,#VALUE!,#VALUE!
05.11.2016 10:15:54,Russia,32,Yes,"For a basic understanding of the behavior of dogs (online courses, reading of literature)",Dog playing with tablet,Dog tries to get a glowing ball that moves on the tablet screen,"The dog is interested in a luminous toy, and believes that it is possible to catch and pull out of the ""box"", when the ball comes off the screen",1,#VALUE!,#VALUE!,#VALUE!,#VALUE!
05.11.2016 10:15:55,Russia,48,Yes,dog Owner,Dog playing with tablet,Trying to catch the bright spot on the screen,"Passionate about the process, it does not seem much excited",#VALUE!,#VALUE!,#VALUE!,#VALUE!,#VALUE!
05.11.2016 10:26:35,Israel,60,yes,dog Owner,light point moves randomly on the screen of the tablet,"It looks like she is playing with this point. she would catch her, but rather trying to understand - what is it and what to do","she zaiteresovana a little discouraged, perhaps even concerned",#VALUE!,#VALUE!,1,#VALUE!,#VALUE!
05.11.2016 10:32:22,Russia,64goda,Yes,dog Owner,The dog is looking at something. shown that the tablet,responsive to frames,She became interested in responding to the video,#VALUE!,#VALUE!,#VALUE!,#VALUE!,#VALUE!
05.11.2016 10:45:10,Ukraine,44,Yes,dog Owner,"dog, get interested in a luminous point",He is trying to catch a bright spot,"It is friendly, interested, puzzled looks at relieving this video",#VALUE!,#VALUE!,#VALUE!,#VALUE!,#VALUE!
05.11.2016 11:35:51,Russia,36,Yes,dog Owner,"tablet, dog",plays,she was interested,#VALUE!,#VALUE!,1,#VALUE!,#VALUE!
05.11.2016 11:51:12,Russia,thirty,Yes,dog Owner,Dog tries to play with iPads,"Trying to catch the ball, which appears and disappears on the screen aypada","The dog seems like a real ball, she wants to catch him in the end leaves.",#VALUE!,#VALUE!,#VALUE!,#VALUE!,#VALUE!
05.11.2016 11:53:55,Russia,28,Yes,"officer / instructor in KC, dog owner",Dog care ball on a plate,He plays with the ball,enjoys the game,#VALUE!,#VALUE!,1,#VALUE!,#VALUE!
05.11.2016 12:11:03,Ukraine,26,There is now.,"For a basic understanding of the behavior of dogs (online courses, reading of literature)",Dog Interacting with a new toy.,"Dog tries to catch a circle. Playing quietly enough, with interest, but without unnecessary overstimulation. At the end of the game is very easy finishes.","It is concerned, but the level of excitation becomes unnecessary. I think she realized that it was some kind of a new game, and finally just decided to escape to something else, because after lengthy attempts result (caught circles) still was not.",#VALUE!,#VALUE!,1,#VALUE!,#VALUE!
05.11.2016 12:34:24,Latvia,47,Yes,The expert / professional,dog interaction with electronic toy,Playing in the hunt,"Trying to catch the ""bunny"" because neither of which is impossible, it loses interest and leaves.",#VALUE!,#VALUE!,1,#VALUE!,#VALUE!
05.11.2016 13:32:24,Russia,27,Yes,The expert / professional,dog Recreation & Activities,He is trying to get a bright spot,#NAME?,#VALUE!,#VALUE!,#VALUE!,1,#VALUE!
05.11.2016 13:38:25,Russia,46,Yes,"For a basic understanding of the behavior of dogs (online courses, reading of literature)", Demonstration of electronic games for dogs.,Dog plays.,"Something similar to the games with a laser pointer. I do not recommend, because you can dogs perevozbudilsya NA.",#VALUE!,#VALUE!,1,#VALUE!,#VALUE!
05.11.2016 13:44:24,Russia,37,Yes,"For a basic understanding of the behavior of dogs (online courses, reading of literature)","A dog who tries to catch the paw ""sunbeam""",He is trying to catch the light paw,"She did not manage to catch the light, she was bored and she goes",#VALUE!,#VALUE!,#VALUE!,#VALUE!,#VALUE!
05.11.2016 13:47:50,Russia,31,Yes,"For a basic understanding of the behavior of dogs (online courses, reading of literature)","Dog tries to catch the moving point, which sees on the screen. She does not understand that this is not the real point.",He is trying to catch a moving point,"The dog is excited, and trying to apply it all the known techniques to produce a moving point",#VALUE!,#VALUE!,#VALUE!,#VALUE!,#VALUE!
05.11.2016 13:48:28,Russia,25,Yes,beginner,As a dog playing on the tablet,Dog running around trying to catch a mouse,She does not understand why you can not catch a moving object,#VALUE!,#VALUE!,1,#VALUE!,1
05.11.2016 13:56:12,Russia,27,Yes,The expert / professional,The electronic version of the laser pointer.,Trying to catch a moving point of light.,"Dog included in the game, overexcited, she wonders why she can not get the point.",#VALUE!,#VALUE!,#VALUE!,#VALUE!,#VALUE!
05.11.2016 14:00:23,Israel,27,Yes,"For a basic understanding of the behavior of dogs (online courses, reading of literature)",Dog playing,He is trying to catch the laser / point on the tablet,"it intresno, wags its tail",#VALUE!,#VALUE!,1,#VALUE!,#VALUE!
05.11.2016 14:09:19,Russia,50,10 dogs,"For a basic understanding of the behavior of dogs (online courses, reading of literature)",Dog plays with the image on the tablet (hard to see),He is trying to catch the image of a paw,the dog is excited and scared,#VALUE!,#VALUE!,1,#VALUE!,#VALUE!
05.11.2016 14:17:56,Russia,19,Yes,The expert / professional,Dog playing,Playing,Excitation,#VALUE!,#VALUE!,1,#VALUE!,#VALUE!
05.11.2016 14:18:56,Ukraine,28,Yes,"For a basic understanding of the behavior of dogs (online courses, reading of literature)",Videos are very small in size and hard to see. It dog playing a game on the tablet,Dog tries to catch the teeth and claws the ball,"Dog interested ""prey"", inquisitive, body tense, sometimes bounces off the object of ""hunting""",#VALUE!,#VALUE!,#VALUE!,#VALUE!,#VALUE!
05.11.2016 14:21:07,Russia,41,Yes,The expert / professional,"Dog playing the game on the tablet, it is possible to test a special program for dogs",Hunts spider)),She realizes vidotipichnoe behavior gets intelligent load,#VALUE!,#VALUE!,1,#VALUE!,#VALUE!
05.11.2016 14:36:02,Russia,35,Yes,"For a basic understanding of the behavior of dogs (online courses, reading of literature)",Dog playing the game on the tablet,Catches luminous spot,"Easy excitement, interest",#VALUE!,#VALUE!,#VALUE!,#VALUE!,#VALUE!
05.11.2016 14:40:33,Russia,27,"American Cocker Spaniel (since childhood), Now Labrador Yanchik))","For a basic understanding of the behavior of dogs (online courses, reading of literature)","Dog plays, trying to catch a mouse","It follows very closely the movements of the mouse on the screen, is actively trying to catch her",Dog takes gameplay,#VALUE!,#VALUE!,1,#VALUE!,#VALUE!
05.11.2016 14:59:14,Russia,36,Yes,dog Owner,dog Game,Running around trying to catch a picture,interested in playing,#VALUE!,#VALUE!,1,#VALUE!,#VALUE!
05.11.2016 14:59:15,Russia,32,Yes,dog Owner,Dog playing with some sort of electronic device,Playing,Dog interesting,#VALUE!,#VALUE!,1,#VALUE!,#VALUE!
05.11.2016 15:05:16,Russia,29,Yes,dog Owner,"A dog who is trying to understand what she sees on the screen, catch, sniff",See above,I do not know,#VALUE!,#VALUE!,#VALUE!,#VALUE!,#VALUE!
05.11.2016 15:13:47,Russia,49,Yes,dog Owner,Dog tries to catch a luminous object on the tablet,Scratching paws on the tablet,She is interested in moving pictures,#VALUE!,#VALUE!,#VALUE!,#VALUE!,#VALUE!
05.11.2016 15:17:41,Belarus,31,Yes,dog Owner,dog playing,He is trying to catch a bright spot on iPads,dog interested and keen,#VALUE!,#VALUE!,1,#VALUE!,#VALUE!
05.11.2016 15:33:57,Russia,26,Yes,dog Owner,the dog's reaction to moving object,He tries to get the thing,He is playing like a cat with a fanatic and does not understand why he could not get,#VALUE!,#VALUE!,#VALUE!,#VALUE!,#VALUE!
05.11.2016 16:24:39,Russia,37,Yes,dog Owner,The dog sees and reacts to sound and picture on the plate,The dog sees and reacts to sound and picture on the plate,interested in what is happening,#VALUE!,#VALUE!,#VALUE!,#VALUE!,#VALUE!
05.11.2016 16:39:05,Russia,32,Yes,dog Owner,Dog playing electronic device,plays,Dog tries to get the ball out of play,#VALUE!,#VALUE!,#VALUE!,#VALUE!,#VALUE!
05.11.2016 16:54:15,Russia,39,Yes,"For a basic understanding of the behavior of dogs (online courses, reading of literature)",toy for cats and dogs,ball rolls,plays,#VALUE!,#VALUE!,1,#VALUE!,#VALUE!
05.11.2016 17:05:40,Russia,43,there is,Owner + Workshops + reading various articles,"Dog tries to catch the plate ""Bunny"" (trace of a laser pointer or flashlight)","He tries to touch his paw to electronic ""bunny""",I think the confusion and disappointment of the incompleteness of action - can never catch a purpose,1,#VALUE!,#VALUE!,#VALUE!,#VALUE!
05.11.2016 17:14:39,Latvia,40,Yes there is,"And reading the literature, and the dog owner",The video shows a dog trying to catch on the tablet screen bright spot,dog playing,"dog passionate about a new game, a bit afraid",#VALUE!,#VALUE!,1,#VALUE!,1
05.11.2016 17:28:37,Russia,37,Yes,"For a basic understanding of the behavior of dogs (online courses, reading of literature)",Harassment over the dog.,Dog tries to play with the light point.,"He tries to get the item, can not do so, disappointed, leaves.",#VALUE!,#VALUE!,#VALUE!,#VALUE!,#VALUE!
05.11.2016 18:31:40,Israel,52,always,dog Owner,hunting dog,He is trying to grasp a moving object,keen process,#VALUE!,#VALUE!,#VALUE!,#VALUE!,#VALUE!
05.11.2016 18:52:53,Russia,37,Yes,The expert / professional,The point of the light beam,Trying to catch the point,She plays,#VALUE!,#VALUE!,1,#VALUE!,#VALUE!
05.11.2016 19:18:20,Russia,42,Yes,"For a basic understanding of the behavior of dogs (online courses, reading of literature)",dog playing ball in the plate,plays,it moves,#VALUE!,#VALUE!,1,#VALUE!,#VALUE!
05.11.2016 21:04:24,Russia,46,Yes,dog Owner,playing with a dog on the development of,It focuses on the light beam .... that slides across the screen,Dog tries to catch a ray,#VALUE!,#VALUE!,#VALUE!,#VALUE!,#VALUE!
05.11.2016 21:23:11,Ukraine,52,there is now,dog Owner,dog playing,trying to catch the ball (item),I can not answer,#VALUE!,#VALUE!,1,#VALUE!,#VALUE!
05.11.2016 21:40:25,Ukraine,40,Yes I have a dog,The expert / professional,dog's interest in the subject,"At first glance the dog action can be called a game, she catches (hunting), simulating the movement of digging / excavation, trying to grab his teeth","The behavior of the dog I see the interest, even drive, arousal.",#VALUE!,#VALUE!,1,#VALUE!,#VALUE!
05.11.2016 21:56:22,Ukraine,thirty,Yes,dog Owner,"Dog playing with a tablet, apparently, it must somehow move the ball on the screen","Dog tries to catch and play with the ball. the same behavior is observed when manipulating small real objects (for example, entrapment, but the remnants of a fly or beetle)","she is interested, but by the end of the video to lose interest in what can not understand its mission and purpose",#VALUE!,#VALUE!,#VALUE!,#VALUE!,#VALUE!
05.11.2016 21:56:48,Russia,44,Yes,"For a basic understanding of the behavior of dogs (online courses, reading of literature)","Dog ""hunts"" to ""bunny""",Implements genetically caused hunting behavior,"Trying to ""catch"", ""bunny"" like a mouse.",#VALUE!,1,#VALUE!,1,#VALUE!
05.11.2016 22:35:13,Latvia,45,Yes,dog Owner,Playing dog,He is trying to understand what's going on,Rassterena,#VALUE!,#VALUE!,1,#VALUE!,1
05.11.2016 23:13:44,Russia,55,There were many dogs since childhood. This hour I have them 3.,"For a basic understanding of the behavior of dogs (online courses, reading of literature)",Game Host,destroys tablet,"I think the dog is confused. It is quite interesting, but she does not understand the meaning of what is happening.",#VALUE!,#VALUE!,#VALUE!,#VALUE!,1
05.11.2016 23:14:06,Russia,41,Yes,"For a basic understanding of the behavior of dogs (online courses, reading of literature)","Dog tries to get moving point, the sound is not quite clear",He is trying to get a moving object,hunting dog,#VALUE!,#VALUE!,#VALUE!,1,#VALUE!
05.11.2016 23:54:18,Israel,55,"There was, and still is",dog Owner,A game,He is trying to get a spot,She is keen then departs.,#VALUE!,#VALUE!,#VALUE!,#VALUE!,#VALUE!
5/12/2016 1:13,Russia,29,Yes,dog Owner,Yorkshire terrier hunting for a circle in a special supplement for cats,hunting,it is keen,#VALUE!,#VALUE!,#VALUE!,1,#VALUE!
5/12/2016 7:56,Russia,21,Yes,The expert / professional,Dog primitive thinking,He is trying to get something that does not see and does not feel,Violation of the natural instinct of smell,#VALUE!,#VALUE!,#VALUE!,#VALUE!,#VALUE!
5/12/2016 8:46,Israel,45,Yes,"For a basic understanding of the behavior of dogs (online courses, reading of literature)","dog's desire to play with the subject on the screen ...
",It reacts to the movement of the ball on the screen.,"the desire to catch the ball, which then disappears.",#VALUE!,#VALUE!,1,#VALUE!,#VALUE!
05.12.2016 10:15:56,Russia,28,Yes,The expert / professional,"""Game"" for dogs on gadget","digging paws point that moves randomly and without any apparent purpose (such a game would make sense if the point had to drive the legs / nose in the ""gate"" and host of the award is given)","she is trying to understand why the object does not work as expected (do not pick out, does not move along the path paw strike)",1,1,#VALUE!,#VALUE!,#VALUE!
05.12.2016 12:06:00,Israel,54,Always,"For a basic understanding of the behavior of dogs (online courses, reading of literature)",What Dog playing,Playing,she was fun,#VALUE!,#VALUE!,1,#VALUE!,#VALUE!
05.12.2016 14:29:06,Belarus,31,Now there is a dog,"For a basic understanding of the behavior of dogs (online courses, reading of literature)",Dog playing with tablet,"He is trying to catch a point on the tablet to play with it, look under the plate, thinking that she hid there","the dog is excited, wags his tail, interested",#VALUE!,#VALUE!,1,#VALUE!,#VALUE!
05.12.2016 14:59:18,Ukraine,50,No,Love to the animals,The owners came up activity for your dog.,Catches moving object.,I think it fun.,#VALUE!,#VALUE!,#VALUE!,#VALUE!,#VALUE!
05.12.2016 15:28:00,Russia,26,Yes,"For a basic understanding of the behavior of dogs (online courses, reading of literature)",Dog hunting for a running point on the screen,"He is trying to get a ""mouse""",Dog catches the point and does not understand why she can not take it,1,#VALUE!,#VALUE!,1,#VALUE!
05.12.2016 16:25:01,Russia,45 years,"Yes, 5-6 dogs",dog Owner,Take the white point,He is trying to catch her,She was tired of trying,#VALUE!,#VALUE!,#VALUE!,#VALUE!,#VALUE!
05.12.2016 16:54:35,Russia,49,there is,dog Owner,"fun owner and dog (ie, the tail plays host - having fun)",He is trying to catch the light,working dog,#VALUE!,#VALUE!,#VALUE!,#VALUE!,#VALUE!
05.12.2016 18:19:30,Russia,20,Yes,dog Owner,A game,He tries to get the ball,crazy,#VALUE!,#VALUE!,1,#VALUE!,#VALUE!
05.12.2016 18:24:50,Russia,17,Yes,"For a basic understanding of the behavior of dogs (online courses, reading of literature)","The video shows how a dog with zainterisovannostyu ""hunts"" for the subject, a pop-up screen on the tablet","perplexed, trying to seize the ""prey""",she is interested,#VALUE!,#VALUE!,#VALUE!,#VALUE!,#VALUE!
05.12.2016 18:32:20,Russia,29,Yes,dog Owner,a game,catching item on the screen,"it fun, interesting",#VALUE!,#VALUE!,1,#VALUE!,#VALUE!
05.12.2016 18:32:34,Russia,41,Yes,dog Owner,Tablet and yorik,Tries paw knock over a point on the screen,Plant plays,#VALUE!,#VALUE!,#VALUE!,#VALUE!,#VALUE!
05.12.2016 18:32:47,Russia,22,We have 3 dogs,dog Owner,dog interaction with the tablet,keen on playing in the plate,the dog is busy playing,#VALUE!,#VALUE!,1,#VALUE!,#VALUE!
05.12.2016 18:42:59,Russia,59,there is,"For a basic understanding of the behavior of dogs (online courses, reading of literature)",screen running game with a ball,"Dog tries to catch the ball, which sees on the screen","First, it is actively trying to get a toy, then, probably, the ball disappeared, and the dog lost interest in the game",#VALUE!,#VALUE!,#VALUE!,#VALUE!,#VALUE!
05.12.2016 18:47:51,Russia,20 years,Yes,"For a basic understanding of the behavior of dogs (online courses, reading of literature)",On the screen of the tablet moves the target and playing with her dog,Trying to catch the target,She looks concerned and taking more and more attempts.,#VALUE!,#VALUE!,#VALUE!,#VALUE!,#VALUE!
05.12.2016 18:51:59,Belarus,42,Yes,dog Owner,Dog playing with a dot on the screen,Playing,She is interested,#VALUE!,#VALUE!,1,#VALUE!,#VALUE!
05.12.2016 19:05:06,Russia,34,Yes,dog Owner,dog playing a game on the tablet,catches some luminous point,she plays,#VALUE!,#VALUE!,1,#VALUE!,#VALUE!
05.12.2016 19:31:09,Belarus,26,Yes,"For a basic understanding of the behavior of dogs (online courses, reading of literature)",The dog thinks that beam real,Playing (hunting),Raised,1,#VALUE!,1,#VALUE!,#VALUE!
05.12.2016 20:06:08,Russia,19,Yes,dog Owner,A game,Playing,Interest,#VALUE!,#VALUE!,1,#VALUE!,#VALUE!
05.12.2016 20:17:35,Russia,22,Yes,"For a basic understanding of the behavior of dogs (online courses, reading of literature)",the dog's reaction to the game on the tablet,It reacts to a nonexistent ball,The dog is interested in the game,#VALUE!,#VALUE!,1,#VALUE!,#VALUE!
05.12.2016 20:39:16,UKRAINE,47r,Je infections 3,"For a basic understanding of the behavior of dogs (online courses, reading of literature)",Dog playing with sunbeams,foot he is trying to get a moving circle,Iraheta dog and wants to get the circle,#VALUE!,#VALUE!,1,#VALUE!,#VALUE!
05.12.2016 20:48:40,Russia,23,Yes,dog Owner,"In the video, Yorkshire terrier playing in the app on the tablet, imitating sunbeams.","Dog tries every possible way to catch a sunbeam, engages with the paws and tongue.",She is passionate about the game,#VALUE!,#VALUE!,1,#VALUE!,#VALUE!
05.12.2016 20:48:55,Russia,40,Yes,dog Owner,Dog and tablet computer on the floor,Dog tries to catch the moving object on the tablet screen.,Playing,#VALUE!,#VALUE!,1,#VALUE!,#VALUE!
05.12.2016 20:54:22,Russia,13,Yes,dog Owner,The game and the dog,Playing,She delighted,#VALUE!,#VALUE!,1,#VALUE!,#VALUE!
05.12.2016 21:00:15,LC,16,no,"For a basic understanding of the behavior of dogs (online courses, reading of literature)",Game Dog with a tablet,Trying to get the point of a paw or grab teeth,Dog emotionally excited,#VALUE!,#VALUE!,1,#VALUE!,#VALUE!
05.12.2016 21:14:25,Russia,34,Yes,dog Owner,Dog tries to catch a moving point on the tablet screen,Playing,Dog excited,#VALUE!,#VALUE!,1,#VALUE!,#VALUE!
05.12.2016 21:40:42,Russia,18,Yes,"For a basic understanding of the behavior of dogs (online courses, reading of literature)","Dog exploring the new object, and how to interact with him, trying to play.","Affected paw, the nose of the moving point, trying to dig it, look under the plate bounces at sharp movements point","She is interested, but a little afraid for her sudden movement point. Excited, but not too much, and in the end she stops playing session, relaxed",#VALUE!,#VALUE!,#VALUE!,#VALUE!,#VALUE!
05.12.2016 21:45:12,Russia,14 years,Yes there is,"For a basic understanding of the behavior of dogs (online courses, reading of literature)",This video shows a dog in the tablet game.,"Dog paw crawl across the screen, trying to play some kind of game.","The dog is excited by this ""fun"" and it is even more enthusiasm",#VALUE!,#VALUE!,1,#VALUE!,#VALUE!
05.12.2016 22:37:05,Ukraine,41,Yes,dog Owner,dog trying to understand what kind of crap,catches the ball on a plate,"excited, then loses interest",#VALUE!,#VALUE!,#VALUE!,#VALUE!,#VALUE!
05.12.2016 23:35:46,Russia,36 years,Yes,The expert / professional,A game,Dog catches a moving image on the screen,slight excitement,#VALUE!,#VALUE!,1,#VALUE!,#VALUE!
5/13/2016 0:28,Republic of Belarus,23,Yes,dog Owner,play dog,Playing,She plays her fun,#VALUE!,#VALUE!,1,#VALUE!,#VALUE!
5/13/2016 5:14,Russia,60,Yes,dog Owner,Dog plays with the light spot on the tablet. The ability to take a dog home is watching TV,Playing with light speck moving in the plate,capture,#VALUE!,#VALUE!,1,#VALUE!,#VALUE!
5/13/2016 9:29,Russia,32,there are many,The expert / professional,Dog plays with the moving object on the tablet screen,"plays, hunts for a moving point","the dog is excited, plays",#VALUE!,#VALUE!,1,#VALUE!,#VALUE!
5/13/2016 9:32,Israel,55,Yes,dog Owner,"The dog is looking for interested ball, he wants to play",Like a dog. plays,"studying, looking, wants to understand where there is a ball or even refused to be of help ....",#VALUE!,#VALUE!,1,#VALUE!,#VALUE!
5/13/2016 9:50,Russia,24,Yes,Child vet and handler,Interested dog,Trying to catch the point,She confused,1,#VALUE!,#VALUE!,#VALUE!,#VALUE!
5/13/2016 12:29,Russia,22,there is,"For a basic understanding of the behavior of dogs (online courses, reading of literature)",game on the tablet,Dog tries to catch a moving object,"she is interested, she does not understand what's going on",1,#VALUE!,#VALUE!,#VALUE!,#VALUE!
5/13/2016 13:27,RF,25,Yes,dog Owner,"The application for type ""runs a small animal""",Tried to touch a running point or just to make a point to move,new information,#VALUE!,#VALUE!,#VALUE!,#VALUE!,#VALUE!
5/13/2016 13:42,Russia,20,Yes,"For a basic understanding of the behavior of dogs (online courses, reading of literature)",Dogs playing on tablet computer,Trying to catch a moving object in the screen,It takes interest in,#VALUE!,#VALUE!,1,#VALUE!,#VALUE!
5/13/2016 14:56,Russia,59,Yes,beginner,Curiosity,"Playing, catches a ray",she is interested,#VALUE!,#VALUE!,1,#VALUE!,#VALUE!
5/13/2016 15:39,Russia,28,and now have,"For a basic understanding of the behavior of dogs (online courses, reading of literature)",dogs in response to movement of the plate,"He is trying to move the ball, when he stops, trying to take it in his mouth.",dog happy happening,#VALUE!,#VALUE!,#VALUE!,#VALUE!,#VALUE!
5/13/2016 17:17,Russia,33,Yes,"For a basic understanding of the behavior of dogs (online courses, reading of literature)",The video shows the situation (and dog playing and trying to get a point of light on the tablet),"Dog tries various ways to solve the problem. Dog digs, puts his paw on top of the glowing element and looks at times on the host ischya him feedback.","Dog shows a clear interest, but ultimately leaves the undertaking.",#VALUE!,#VALUE!,#VALUE!,#VALUE!,#VALUE!
5/13/2016 20:05,Russia,'52,I now have two dogs,"For a basic understanding of the behavior of dogs (online courses, reading of literature)","Playing with the dog, ""sunbeam"", produced by the tablet.",enthusiastically playing,"Dog keen, excited, focused on the stimulus. However, the host responds to the call. Then again returned to the game with the tablet.",#VALUE!,#VALUE!,1,#VALUE!,#VALUE!
5/13/2016 21:46,Israel,51,I have a dog,nursery,a game,He is trying to catch the light bulb,Dog tries to understand the rules of the game,#VALUE!,#VALUE!,1,#VALUE!,#VALUE!
5/13/2016 22:35,Ukraine,28," As a child, was a Rottweiler bitch now male German Shepherd","For a basic understanding of the behavior of dogs (online courses, reading of literature)","Dog scratching the plate, trying to understand what is happening.","Hunt the white spots. It seems like my dog ??with beetles ""Game"": trying to turn over, to get moving, loosening around beetle ground beetle accurately capturing nerazdavlivaya but so that he could continue to be interesting to run along the ground; It ends with the beetle that either crush or eat, sometimes just leave alone. In the video, the behavior is similar, but in contrast to hunting beetles dog for a long time do not lose interest and much more dynamic tries to ""bug"" from scratch plate. The dog quickly learned pattern as scratching and where to flyspeck move.","The dog is very focused on the ""game"", excited, energetic. Actively trying to get white tochechku- catch, lick, eat, flatten, scratch. Quickly grasps what to flyspeck rolled out from the outside of the screen, you need to scrape the plate, not on the ground and on the side where it set, but still expects that the ball rolled out or jump out at her, not the sunset for the redistribution of visibility . Dots disappears dog quickly switched to something else",#VALUE!,1,#VALUE!,#VALUE!,#VALUE!
5/13/2016 22:41,Russia,23,Yes,"For a basic understanding of the behavior of dogs (online courses, reading of literature)",Hunting dog on a virtual bug (but the dog does not understand that this is just an image),Trying to catch the bug,"The dog sees a moving creature on the screen (a fly, beetle or something like that), he wants to catch him, because it perceives his real object",1,#VALUE!,#VALUE!,#VALUE!,#VALUE!
5/13/2016 22:57,Russia,22,Yes,"For a basic understanding of the behavior of dogs (online courses, reading of literature)",Trying to catch a non-existent object,Catches and digging,Disappointing and loses interest,#VALUE!,#VALUE!,#VALUE!,#VALUE!,#VALUE!
5/14/2016 0:09,Russia,49,2,dog Owner,Dog playing,Trying to catch a mouse,capture,#VALUE!,#VALUE!,1,#VALUE!,#VALUE!
5/14/2016 2:50,Russia,21,Yes,The expert / professional,"Dog playing with a tablet. More specifically, interest in cooperation. Unfortunately, I did not understand whether the application responds / sensor on the dog's touch.",Attempts to communicate plays.,"Dog excited and interested. She tries to offer a behavior that it will, in cooperation with interested her subject.",#VALUE!,#VALUE!,1,#VALUE!,#VALUE!
5/14/2016 3:17,Russia,17,There is now,dog Owner,"Dog, tablet",Playing ball on a plate,She is surprised by where the ball is taken,1,#VALUE!,1,#VALUE!,#VALUE!
5/14/2016 9:35,Russia,38,Yes,The expert / professional,Boss watches funny dog ??playing with a laser Mishnah on the tablet screen,"Dog tries to understand it, sniffing, trying to touch the paw","The dog is under stress. She does not understand what kind of object that moves, attracted her attention. 'Runs' and behaves, in fact, as 'production'. But no smell and it can not touch. These 'games' end with hysterical barking, neuroses. The point of time. It all depends on the breed, the dog and regularly temperampnta such entertainment.",1,#VALUE!,#VALUE!,#VALUE!,#VALUE!
5/14/2016 9:51,Israel,34,Yes,dog Owner,Ostensibly for the dog game on the tablet,He is trying to catch something ...,"I do not understand where does that, and most importantly, where it then disappears. I think that this game does not teach a dog anything. But it looks funny)))",#VALUE!,#VALUE!,#VALUE!,#VALUE!,#VALUE!
5/14/2016 16:56,Russia,41,Yes,dog Owner,A game,Playing,She likes,#VALUE!,4,You can not take a dog only such games,Interest,5
5/14/2016 23:06,Russia,34,Yes,"For a basic understanding of the behavior of dogs (online courses, reading of literature)",Dog plays with the tablet,Playing,"Interested, keen",#VALUE!,3,"I think that is not bad, but there is no special benefits","Interest, curiosity",4
5/14/2016 23:56,Russia,45,Yes,"For a basic understanding of the behavior of dogs (online courses, reading of literature)",Interest dog toy,Playing,She's busy,#VALUE!,3,Just I do not know whether it is useful,Interest,4
5/15/2016 3:39,Russia,17 years,And there,dog Owner,"""Playing"" with the tablet","That frightened, wants to take what there flies","Passionate about the game, but without getting something with which she plays, she loses interest",#VALUE!,3,"I believe that it is clearly not useful, but not so bad",Interest,3
5/15/2016 4:50,Russia,54,Yes,dog Owner,"tablet with electronic bunny. Wallpaper ""Wallpaper"" imitating the floor and light point","plays, trying to catch the bunny","In pevye minutes behaves cautiously, then actively begins to catch plays, and then the active movements paws trying to catch and irritated",#VALUE!,3,such games must take place under the supervision of mandatory and must be interrupted at the slightest sign of irritation,"fear, interest, fatigue",1
5/15/2016 10:23,Israel,39,there is,"For a basic understanding of the behavior of dogs (online courses, reading of literature)",York plays iPads in cat game,"Responds to the ball: it is trying to catch him, to move, then it bounces when moving it. Those. she sees it as a real-life, not as a picture. Once looking at the owner / operator. At the end leaves.","First attempts to ""explain"" the ball, game-hunting behavior. At some point play tired.",#VALUE!,3,"Do not believe that electronic games are harmful, on the other hand specifically this game in my opinion do not develop, and the real ball over sensations.",moderate excitement,4
5/15/2016 13:16,Belarus,40,Yes,"For a basic understanding of the behavior of dogs (online courses, reading of literature)",dog playing,trying to catch a moving dot on the screen,she is interested,#VALUE!,3,the game is not the final result,"the dog was initially interested, but did not get a specific result (do not get it ""extraction""), left ""disappointed.""",3
5/15/2016 17:52,Russia,41,There was and there is now 2,"For a basic understanding of the behavior of dogs (online courses, reading of literature)","My little dog playing in these toys))) it is simply a maniac gadzhitov! This is a game for cats, such as a laser pointer.",Catches of the laser light spot.,She hunts)),#VALUE!,3,"I think it's not quite useful, as osobaka potnature hunter. And it is in any event to catch prey. And in these games is not an option.","I do not know what it feels this dog, but my playing this toy nachiaet go crazy)) is overexcited! And calm down then it is very difficult!",3
5/15/2016 18:14,Russia,27,Yes,"For a basic understanding of the behavior of dogs (online courses, reading of literature)",the modern game Modern dogs,plays with virtual reality,"she does not understand that it is played, but it is keen",#VALUE!,2,"it does not develop physically, emotionally communicates with anyone. You can call this process - sticking.","deceit, deception interesting",2
5/15/2016 21:21,Russia,36,Yes,The expert / professional,playing behavior,Catches sunbeams.,Overexcitation.,#VALUE!,1,"Because no opportunity to meet before the end of the hunting behavior (poympt prey, take it to a private place). The dog behavior problems arise.",Frustration.,3
5/15/2016 22:39,Russia,26,Yes,Vet,"The dog responds to the moving object, the same reaction would have been, if only razdrozhitel rrosto was on the floor.",Trying to catch the razdrozhitel,The dog comes to excitement,#VALUE!,2,"This causes razdrozhitel usobaki nervous condition, the dog arrives in Stresa",Excitation,3
5/16/2016 1:05,USA,31,Yes,dog Owner,Dog tries to play a moving point on the tablet,"Dog tries to catch a moving point, as some animals react to a laser pointer",She fixate on a point which can not catch,#VALUE!,2,I'm such a behavior similar to the behavior in the Loop pointer animals,"Stress, obsession",3
5/16/2016 1:37,Ukraine,25,"""Their"" - not. but in the family - yes",basic zoopsychology,It shows how to tease the dog,disconsolately trying to deal with the stimulus,"Dog keen but nervous, trying to ""catch"" the ball",#VALUE!,2,"do not think that one / several such episodes can disrupt emotional dog organization, lead to disaster (so no 1). but by itself I see happening pampering. process having no meaning. unless perverse satisfaction from the authorities over the dog. but because unacceptable.","anger, confusion, frustration",2
5/16/2016 8:01,Russia,26,no,beginner,Dog tries to catch some thing on the plate,plays,her little scary,#VALUE!,3,nothing useful for the dog I saw little interest for dogs,interest was fear,5
5/16/2016 8:07,Russia,36,Yes,The expert / professional,"The plate on which the moving figure, and a dog who tries to touch the figure paw and teeth","Trying to touch the figure paw and teeth, and then looks at the man who shoots video.",She does not understand that this,#VALUE!,2,"Uses can not see, but I assume that this behavior can evolve into something less innocuous.",slight bewilderment,3
5/16/2016 9:50,Ukraine,31,Yes,dog Owner,dog playing,plays: trying to catch the light circle,dog clearly keen,#VALUE!,4,"usefulness in terms of acquiring skill or knowledge of the dog is minimal. but - she plays and she is interested in - ie, as entertainment, it is useful.","interest, excitement. but I do not know if it (because you can not catch) happy.",4
5/16/2016 10:17,UKRAINE,39,So,The expert / professional,dog Game,Playing,Useful psychological work and brain development,#VALUE!,5,The mental and psychological development of the dog - the basis of its quality of life with a man,"Interested, focused, positive",5
5/16/2016 10:28,Ukraine,29,Yes,dog Owner,"dog, whose owners planted a tablet",He is trying to track the movement of,nervous and hunts,#VALUE!,2,"because it is like to philosophize with children - confusion cuts the ground from under the feet normally and let the children it is possible to effect more rigid, but the dog also gradually formed a distrust of the environment",#NAME?,1
5/16/2016 14:11,Ukraine,26,no,beginner,"Dog plays with the tablet, which included a video or an application","He is trying to catch the white point, which moves on the screen",It amuses),#VALUE!,4,"it does not get new and useful skills, but she is busy with something, it does not interfere with the owners, while it is moving, which is good for health and hopefully she spend enough energy to sweet sleep through the night)",she kicks,4
5/16/2016 18:25,Russia,42,there is,dog Owner,dog interest,Dog tries to catch the moving point,she catches sunbeams,#VALUE!,4,my dog ??loves to catch the sun's glare,"interest, it is not excited, just playing",5
5/17/2016 22:10,Estonia,32,da,dog Owner,"ekran, gde dvizetsja tocka","zainteresovanna, pitaetsa poimat","nekoe vozbuzdenie, interes, azart",#VALUE!,3,"esli sobaka s legkovozbudimoi nervnoi sistemoi, to dannoe zanjatie ne ocenj horowo dlja nee","azart, interes",4
5/19/2016 19:16,Russia,24,Yes,"For a basic understanding of the behavior of dogs (online courses, reading of literature)",Dog playing the game on the tablet,pulls out ball,entertain,#VALUE!,4,Because dog fun,Joy,5
5/20/2016 12:44,Ukraine,26,Yes,dog Owner,Dog plays with the tablet,Dog plays with the tablet,hilarious,#VALUE!,3,"Who is not bad, but nothing useful",Interest,4
5/20/2016 12:44,Ukraine,26,Yes,dog Owner,Dog plays with the tablet,Dog plays with the tablet,hilarious,#VALUE!,3,"Who is not bad, but nothing useful",Interest,4
5/21/2016 5:44,Russia,28,Yes,dog Owner,As the dog plays cat game on the tablet,Trying to catch a virtual production,The dog is interested,#VALUE!,2,It is better to play with the dog owner,Some excitement,4
5/22/2016 23:09,Russia,29,Yes,"For a basic understanding of the behavior of dogs (online courses, reading of literature)",dog interested in moving objects on the screen of the tablet lying on the floor and tries to interact with it,dog paws avail scraping plate and poked him in the nose in an attempt to catch a moving spot,"when a moving object enters the field of view molyavki gradually increased her physical and emotional tone, the dog focuses on the spot, active paws and nose, slowly, not reaching any particular outcome of interest is reduced, along with physical activity, and the dog goes away.",#VALUE!,2,"The dog is not possible to really influence the movement of a moving object, for it occurs randomly and unpredictably, it is seen that a few times a frightened dog bounces off the plate, there is no possibility of tactile activities vpechatleniy.Takaya has no result or of any outcome could further frustrate her lead in nervousness condition or chronic stress. Or the dog just lost interest. It is also not intelligent dogs are utilized capacity, the rate only on an instinctive response to an external stimulus.","Interest, excitement, fear, impatience, confusion",3
5/23/2016 8:47,Russia,33,Yes,"For a basic understanding of the behavior of dogs (online courses, reading of literature)",dog Game,Dog plays with the point on the tablet screen,She enthusiastically watching point on the tablet screen and trying to trace the reaction point to touch her paw,#VALUE!,4,"Dog is interesting, it takes it, and so it develops cognitive abilities","Interests, hobbies",5
5/23/2016 14:22,Russian Federation,26 years,Yes,"For a basic understanding of the behavior of dogs (online courses, reading of literature)",The dog offered an electronic device and turned the game.,Attempts to take over a moving target.,She is interested and confused.,#VALUE!,1,no interaction with the host and can be trained to spoil things.,I think she's excited and confused,2
5/24/2016 10:11,Russia,33,Yes,"For a basic understanding of the behavior of dogs (online courses, reading of literature)",dog Game,Dog plays with the point on the tablet screen,She enthusiastically watching point on the tablet screen and trying to trace the reaction point to touch her paw,#VALUE!,4,"Dog is interesting, it takes it, and so it develops cognitive abilities","Interests, hobbies",5
5/24/2016 18:25,Russia,27,Yes,dog Owner,Dog playing in the tablet,Dog playing in the tablet,Playing,#VALUE!,4,"Develops thinking dog. But I prefer to engage with the dog itself, without the aid of electronic devices.",passion,4
5/24/2016 18:29,Israel,56,Always,"For a basic understanding of the behavior of dogs (online courses, reading of literature)",The dog who is interested in the movements of ekrnane,Trying to catch a moving object,She was clearly involved in the game,#VALUE!,4,"Why not diversify the life of the pet, and children are now something like this take, so as not to interfere. Another thing is, these games have to be dosed, and combined with the real participation in the Games host.","She is keen, obviously in the grip of passion",5
5/24/2016 18:41,Russia,46,Yes,"For a basic understanding of the behavior of dogs (online courses, reading of literature)","Dog ""catches"" the point on the screen",He is trying to step on his paw escaping from her point,"The dog loses interest, because to cope with the problem can not be",#VALUE!,2,"Not good for the eyes, not useful for the psyche, the dog becomes not interesting. because it can not perform a task - to come to the point, for a while it may take a dog","First interest, then disappointment",3
5/24/2016 18:45,Russia,40,Now there,dog Owner,Some ball and voice of football or some other sport,He is trying to play with this ball,Emotional outbursts and a desire to play with this ball,#VALUE!,3,Dogs - are not people. They do not need electronic games.,The interest in the ball,3
5/24/2016 19:04,RF,40,Yes,The expert / professional,"Dog plays with the light beam. The principle of a laser pointer. The beam is not only the top, because not a dog does not lose sight of him bowing his head to it. And if a beam is not in the hands of man, then this toy dog ??can be accessed at any time, regardless of where the host is located.",Playing,He engaged in business,#VALUE!,4,Management of employment,Interest,4
5/24/2016 19:14,Austria,49,Yes,"For a basic understanding of the behavior of dogs (online courses, reading of literature)",Dog playing with an electronic toy,"Iraheta, catches a moving image",Hunts,#VALUE!,4,"It seems to me that the best dogs to play with mechanical toys, but I'm not sure","Excitement, interest",4
5/24/2016 19:23,Ukraine,40,owner of 3 dogs,dog Owner,dog interested in the subject that moves on the screen,watches and catches the running around the object perceived by sight,it is able excitement plays,#VALUE!,3,"game lively, merry, but do not develop useful skills",interest in the subject,5
5/24/2016 19:28,Russia,31,Yes,dog Owner,The dog tries to grab an object moving on the screen of the tablet.,The dog tries to grab an object moving on the screen of the tablet,She tries to grab and does not understand why it is impossible,#VALUE!,1,I do not see the point - just to irritate the animal.,"I think she is in disbelief, it frustrates that her normal activities do not bring the usual results, she tries to act more actively.",1
5/24/2016 19:44,Ukraine,46,second dog,"For a basic understanding of the behavior of dogs (online courses, reading of literature)",intellectual game,explores new item,"explores, learns new thinking, developing, growing",#VALUE!,5,the dog must be developed not only physically,"showing interest, care, surprise",4
5/24/2016 19:54,RF,36,Yes,dog Owner,Dog playing the game on the tablet),Attempts to control the ball,capture,#VALUE!,4,"It's great that the dog can carry away the game, but it is unlikely that my dog ??is such a possibility.",passion,5
5/24/2016 20:04,Russia,31,Yes,The expert / professional,Dog hunts for bright moving spot.,He wants to catch erratically moving spot (as if it's a bug or another something alive),"She is keen on ""hunting"".",#VALUE!,3,"It amuses her, makes her way out the natural instinct. But the catch is the spot and can not, then not be able to finish satisfy this instinct (as opposed, for example, by playing with the master of the ball). Long fruitless hunt for a spot can, in some cases, I believe, lead to frustration and compulsive behavior ....","She is interested in what is happening, it is in high spirits. Status: ""What is it?""",4
5/24/2016 20:14,Russia,22,Yes,"For a basic understanding of the behavior of dogs (online courses, reading of literature)",Playing dog,"He is trying to catch the point, playing with her","She was surprised and interested, her fun",#VALUE!,3,It is better to play with a man,Surprise and joy,5
5/24/2016 20:17,Russia,44,Yes,dog Owner,Learning object and trying to understand what it is and how to deal with it ...,Now watching the images and touch screen paw,"Sabak excited. Some of the actions on the screen frighten the dog, but curiosity gets the upper hand.",#VALUE!,1,Prolonged contact with a computer can cause stress in the dog and as a consequence of the behavior of destructively.,"Excitement, fear ...",1
5/24/2016 20:34,Russia,thirty,Yes,"For a basic understanding of the behavior of dogs (online courses, reading of literature)",Dog plays with the tablet,paw trying to catch a moving bright dot on the screen,"she plays at the end of a few puzzled / annoyed look, so how to get the ball running around it did not succeed",#VALUE!,3,"On the one hand, the dog is kind of like plays, she likes. But on the other hand, she was never able to get the cherished goal. No matter how much she tried, and it does not. I think it is finally upset and she stops playing.","First interest, then puzzled, like she likes her tail wagging periodically",4
5/24/2016 20:45,Russia,34,I now have 2 dogs,"For a basic understanding of the behavior of dogs (online courses, reading of literature)",Game animals on the plate,catches point,"She plays, she is excited",#VALUE!,3,"I do not think it's bad, but also in the use of doubt",Initiated more happily,4
5/24/2016 21:11,Russia,33,Yes,The expert / professional,I hope you will tell us why the test,overexcite,overexcite,#VALUE!,1,Just,Nothing,3
5/24/2016 22:11,Russia,27,There is now,dog Owner,"Dog plays with the light spot, as some dogs are playing with a laser pointer",Dog tries to catch the light spot,"Dog plays, hunts",#VALUE!,3,"I think that this game is not harmful to the dog, if you do not get involved very much",Dog fun,5
5/24/2016 22:12,Russia,34,Yes,"For a basic understanding of the behavior of dogs (online courses, reading of literature)",on the screen of the tablet runs speck,"Trying to catch a spot on the tablet screen, plays with it",she is trying to catch something that is impossible to catch,#VALUE!,3,I think it's good and bad,"On the one hand the dog having fun on the other, it frustrates",3
5/24/2016 22:52,Russia,44,Now,dog Owner,The dog with the tablet,He is trying to take the ball,nervous,#VALUE!,2,"She does not play, nervous","Nervousness, resentment, misunderstanding",1
5/24/2016 22:55,Russia,25,"yes, there is now",dog Owner,dog's interaction with the game on the tablet,"He is trying to understand where there is a moving object, trying to catch him","Dog puzzled, thinking, interested in moving object on the screen of the tablet, but due to the fact that it can not touch and feel (touch) displays moving object uncertainty",#VALUE!,3,"Due to the fact that the dog was unable to catch a moving object, then pretty quickly lost interest in the process","Dog puzzled, thinking, interested in moving object on the screen of the tablet, but due to the fact that it can not touch and feel (touch) displays moving object uncertainty.",3
5/25/2016 1:14,Russia,42,Yes,dog Owner,Dog playing on a tablet,Catches sunbeam,Playing,#VALUE!,4,I do not know,Interest,5
5/25/2016 3:44,Russia,26,Yes,dog Owner,Dog tries to catch escaping from her target.,Playing,"She feels the excitement, interest, excitement that goes with the understanding that the purpose of it is impossible to catch",#VALUE!,4,"I find this game useful, because it develops the mental faculties, but I think that is not for every dog, trying to catch the thing, the excitement can be useful","excitement, interest, excitement",5
5/25/2016 9:13,Russia,'54,Always,dog Owner,Dog running after the cursor on the tablet,Second video is not found,Dog playing,#VALUE!,5,"The dog is happy, and she was not in danger.",Interest joy,4
5/25/2016 9:53,Russia,49,there is,dog Owner,the dog perceives the image on the tablet,Dog plays with the ball on a plate,She is interested,#VALUE!,3,"Game, but I'm not sure that it will attract the dog every day, and is not sure that it is useful",passion,3
5/25/2016 11:56,Russia,28,Now,"For a basic understanding of the behavior of dogs (online courses, reading of literature)",Dog and tablet,Playing,She natolkaetsya interest and playful mood,#VALUE!,3,I do not like gadgets,Interest,4
5/25/2016 12:58,Latvia,27,Yes,"For a basic understanding of the behavior of dogs (online courses, reading of literature)","dog, cat playing in the game for ipad","He is trying to catch the point, running across the screen","it seems to her that from her point of running away, and she tries to catch the point",#VALUE!,3,"dog's actions do not lead to the desired result, because there is only a point on the screen and it is impossible to catch, grab teeth, feel the satisfaction and success of its actions","excitement, interest, possible irritation",3
5/25/2016 14:14,Russia,36,Yes,dog Owner,dog playing a game on the tablet,catching bright spot,plays,#VALUE!,3,"1. Expect to see something like the game panel, which would correspond to the length of the dog, ie to fit and large breeds.
2. A good solution in the absence of the owner.
3. The probability of outage host dog. Playing ""sunbeam"" using a mirror or laser flashlight involves the interaction, the tablet - no.","interest, excitement",5
5/25/2016 15:27,Russia,40,there is,dog Owner,"York plays ""cat"" game on the tablet",catches moves point,"I think on the one hand interested in dog play, and on the other wonders why can not grasp a moving object",#VALUE!,3,"I can not imagine what benefit can bring a similar game, but no harm can not see (for tablet)","interest, which passes at the end",4
5/25/2016 16:01,Russia,19,Yes,"For a basic understanding of the behavior of dogs (online courses, reading of literature)",Dog tries to interact with the image on iPads,"""_""",-,#VALUE!,3,I do not see very useful to this dog's skill,Interest,4
5/25/2016 23:04,Russia,21,Yes,The expert / professional,It is shown that a single dog game,Playing a moving point on the tablet screen,"The dog is interested, she likes to play in a similar way",#VALUE!,4,"Dogs are busy, she likes, but I think at the end of the video she loses interest in what happens",Interest in the moving object on the tablet screen,4
5/26/2016 0:09,Israel,54,Yes,"For a basic understanding of the behavior of dogs (online courses, reading of literature)","extremely concerned dog interacts ""plays"" with Computers","dog trying to get a light bulb, moving on

computer screen.","the dog is very focused on the action, it is interesting, it is hardly distracted, when she was called, she raised her head and waved her tail, but then returned to his task. She is happy, but somewhat wary, behavior reminiscent of hunting.",#VALUE!,4,"The dog apparently thinks try different types of movements, when the ball disappears from the screen, trying to get it back to a specific location. Occupation pogloshaet all the attention at the end of the dog gets tired.","Interest, alertness, perhaps, frustration, catch what you can not",4
5/26/2016 2:47,South Korea,39,Yes,"For a basic understanding of the behavior of dogs (online courses, reading of literature)",Dog plays with the moving bunny on the tablet screen,Playing (trying to catch the bunny),She is excited game and swallowed it,#VALUE!,5,The dog is focused on the game and play it like,Excitation in the game,4
5/26/2016 6:03,RF,thirty,Yes,dog Owner,"The hosts mock tablet, hoping to soon throw. Claws on the screen is cruel","plays, explores",she was interested,#VALUE!,2,Movement at least with the same success can be monitored on the street for cats / birds / sausage in your hand the host,"interest, excitement",4
5/26/2016 11:48,Russia,41,Yes,"For a basic understanding of the behavior of dogs (online courses, reading of literature)",Dog playing with an object on the tablet,"He is trying to hunt on a moving point, shown on the tablet","The dog is interested, excited, but not overly so - reacts to man.",#VALUE!,2,"At the moment, the dog is busy ""thing"", but I believe that the game directly with the owner of the dog is much more useful for the psyche.","Excitement tends to dig up the object, but a little afraid of it (jumps to the side).",4
5/26/2016 22:00,Russia,52,Yes,dog Owner,dog Game,Catches the ball on a plate,The dog sees the ball and catches it,#VALUE!,4,"I do not think it is very useful, but the dog is busy and that's good.",Excitation,5
5/29/2016 4:59,Russia,50,Four,"For a basic understanding of the behavior of dogs (online courses, reading of literature)",As the dog showed the game on the tablet,Trying to catch the white ball as if it was a ray of sunlight or light from a laser pointer,He does not understand how to grab the ball so even scratching paws,#VALUE!,4,The dog is interested,What can not catch the ball that sees but does not feel any smell or paws,3
5/29/2016 21:45,Russia,32,She grew up with a dog from 4 to 19 years,dog Owner,The dog with the tablet?)) Or someone playing with the dog laser pointer.,Trying to catch the moving point,"Dog worried, it does not seem that it plays",#VALUE!,3,"I do not see the desired behavior of any dog, nor for the host.",experiencing,3
5/6/2016 5:13,Russia,40,there is,dog Owner,Holiday dog,He tries to get the ball,interest,#VALUE!,1,It only teases the dog,helplessness,3
06.07.2016 17:06:07,Russia,43,Yes,dog Owner,sunbeam on the tablet,catches a sunbeam,dog busy,#VALUE!,3,Would the child be put 1 -not just a dog person. so let indulges,apparently happy. interest,4
6/14/2016 11:41,Russia,34,Yes,"For a basic understanding of the behavior of dogs (online courses, reading of literature)",The decision of some puzzles dog.,"Dog tries to catch the existing ""ball"".","In my opinion neither of which, except as a continuation of the same attempts to catch a moving point.",#VALUE!,1,"The object is not real and it is unlikely that anything will teach a dog, or give her the satisfaction of the game / prey.","Surprise, and then indifference to the subject.",1
6/23/2016 0:34,Russia,15,Yes,dog Owner,Dog playing,Playing in the tablet,Nothing,#VALUE!,3,"Because in this game, there is nothing useful and not useful",Positive emotions,5
6/26/2016 14:57,Rossich,51,Yes,dog Owner,dog interest,Playing,Thinks,#VALUE!,5,Liked,Interest,5
07.08.2016 17:01:21,Slovenia,43,Yes,"For a basic understanding of the behavior of dogs (online courses, reading of literature)",dog's reaction to the game application,"Playing, trying to catch the ""rabbit"" laser pointer",She is very involved,#VALUE!,3,it is not harmful and not helpful,passion,5
#VALUE!,#VALUE!,#VALUE!,#VALUE!,#VALUE!,#VALUE!,#VALUE!,#VALUE!,16,7,97,14,19
